-- phpMyAdmin SQL Dump
-- version 5.2.2
-- https://www.phpmyadmin.net/
--
-- Host: localhost:3306
-- Generation Time: Mar 21, 2025 at 07:37 PM
-- Server version: 8.0.37
-- PHP Version: 8.3.19

SET SQL_MODE = "NO_AUTO_VALUE_ON_ZERO";
START TRANSACTION;
SET time_zone = "+00:00";


/*!40101 SET @OLD_CHARACTER_SET_CLIENT=@@CHARACTER_SET_CLIENT */;
/*!40101 SET @OLD_CHARACTER_SET_RESULTS=@@CHARACTER_SET_RESULTS */;
/*!40101 SET @OLD_COLLATION_CONNECTION=@@COLLATION_CONNECTION */;
/*!40101 SET NAMES utf8mb4 */;

--
-- Database: `zavrsni2024`
--

-- --------------------------------------------------------

--
-- Table structure for table `ep_korisnik`
--

CREATE TABLE `ep_korisnik` (
  `ID` int NOT NULL,
  `ime` varchar(100) COLLATE utf8mb4_general_ci NOT NULL,
  `lozinka` varchar(32) COLLATE utf8mb4_general_ci NOT NULL,
  `razinaID` int NOT NULL,
  `razred_id` int DEFAULT NULL,
  `aktivan` tinyint(1) NOT NULL DEFAULT '1',
  `email` varchar(255) COLLATE utf8mb4_general_ci NOT NULL
) ENGINE=InnoDB DEFAULT CHARSET=utf8mb4 COLLATE=utf8mb4_general_ci;

--
-- Dumping data for table `ep_korisnik`
--

INSERT INTO `ep_korisnik` (`ID`, `ime`, `lozinka`, `razinaID`, `razred_id`, `aktivan`, `email`) VALUES
(1, 'Profesor', '$2y$10$yy57h5zAKCwrp3vlqTcS8OOsS', 1, NULL, 1, 'profesor@example.com'),
(19, 'nikola', '$2y$10$2fKHD77U/TPLIdHS4GQUkOxBB', 2, 3, 1, 'playertracker2025@gmail.com'),
(20, 'test', '8aa87050051efe26091a13dbfdf901c6', 2, 12, 1, 'mirko.jambrosic@skole.hr'),
(23, 'Matej', '$2y$10$efwH.HMT4iLOM25zKaCERucnz', 2, 6, 1, 'matejkovacic73@gmail.com');

-- --------------------------------------------------------

--
-- Table structure for table `ep_korisnik_teme`
--

CREATE TABLE `ep_korisnik_teme` (
  `id` int NOT NULL AUTO_INCREMENT,
  `korisnik_id` int NOT NULL,
  `tema_id` int NOT NULL,
  PRIMARY KEY (`id`),
  UNIQUE KEY `unique_korisnik_tema` (`korisnik_id`, `tema_id`),
  FOREIGN KEY (`korisnik_id`) REFERENCES `ep_korisnik` (`ID`) ON DELETE CASCADE,
  FOREIGN KEY (`tema_id`) REFERENCES `ep_teme` (`ID`) ON DELETE CASCADE
) ENGINE=InnoDB DEFAULT CHARSET=utf8mb4 COLLATE=utf8mb4_general_ci;

--
-- Dumping data for table `ep_korisnik_teme`
--

INSERT INTO `ep_korisnik_teme` (`id`, `korisnik_id`, `tema_id`) VALUES
(91, 1, 1),
(86, 1, 2),
(99, 1, 3),
(87, 1, 4),
(100, 1, 5),
(96, 1, 6),
(88, 1, 7),
(98, 1, 8),
(104, 1, 9),
(102, 1, 10),
(103, 1, 11),
(101, 1, 12),
(56, 19, 1),
(52, 19, 2),
(58, 19, 3),
(53, 19, 4),
(59, 19, 5),
(55, 19, 6),
(54, 19, 7),
(57, 19, 8),
(63, 19, 9),
(61, 19, 10),
(62, 19, 11),
(60, 19, 12),
(68, 20, 1),
(64, 20, 2),
(70, 20, 3),
(65, 20, 4),
(71, 20, 5),
(67, 20, 6),
(66, 20, 7),
(69, 20, 8),
(75, 20, 9),
(73, 20, 10),
(74, 20, 11),
(72, 20, 12),
(85, 23, 1),
(81, 23, 2),
(82, 23, 4),
(84, 23, 6),
(83, 23, 7);

-- --------------------------------------------------------

--
-- Table structure for table `ep_odgovori`
--

CREATE TABLE `ep_odgovori` (
  `ID` int NOT NULL,
  `tekst` text COLLATE utf8mb4_general_ci NOT NULL,
  `pitanjeID` int NOT NULL,
  `tocno` tinyint(1) NOT NULL DEFAULT '0',
  `korisnikID` int NOT NULL,
  `aktivno` tinyint(1) NOT NULL DEFAULT '1'
) ENGINE=InnoDB DEFAULT CHARSET=utf8mb4 COLLATE=utf8mb4_general_ci;

--
-- Dumping data for table `ep_odgovori`
--

INSERT INTO `ep_odgovori` (`ID`, `tekst`, `pitanjeID`, `tocno`, `korisnikID`, `aktivno`) VALUES
(1, 'Pariz', 21, 1, 1, 1),
(2, 'Lyon', 21, 0, 1, 1),
(3, 'Marseille', 21, 0, 1, 1),
(4, 'Nice', 21, 0, 1, 1),
(13, '7', 24, 1, 1, 1),
(14, '5', 24, 0, 1, 1),
(15, '6', 24, 0, 1, 1),
(16, '8', 24, 0, 1, 1),
(25, 'Sava', 27, 1, 1, 1),
(26, 'Dunav', 27, 0, 1, 1),
(27, 'Drava', 27, 0, 1, 1),
(28, 'Kupa', 27, 0, 1, 1),
(37, 'William Shakespeare', 30, 1, 1, 1),
(38, 'Charles Dickens', 30, 0, 1, 1),
(39, 'J.R.R. Tolkien', 30, 0, 1, 1),
(40, 'George Orwell', 30, 0, 1, 1),
(41, 'Pacifik', 31, 1, 1, 1),
(42, 'Atlantski', 31, 0, 1, 1),
(43, 'Indijski', 31, 0, 1, 1),
(44, 'Arktički', 31, 0, 1, 1),
(53, 'Isaac Newton', 34, 1, 1, 1),
(54, 'Albert Einstein', 34, 0, 1, 1),
(55, 'Nikola Tesla', 34, 0, 1, 1),
(56, 'Galileo Galilei', 34, 0, 1, 1),
(65, 'Ječam', 37, 1, 1, 1),
(66, 'Hmelj', 37, 0, 1, 1),
(67, 'Pšenica', 37, 0, 1, 1),
(68, 'Riža', 37, 0, 1, 1),
(77, 'Litij', 40, 1, 1, 1),
(78, 'Aluminij', 40, 0, 1, 1),
(79, 'Magnezij', 40, 0, 1, 1),
(80, 'Bakar', 40, 0, 1, 1),
(181, 'Za 1 godinu', 46, 0, 1, 1),
(182, 'Za 2 godine', 46, 0, 1, 1),
(183, 'Za 3 godine', 46, 0, 1, 1),
(184, 'Sutra', 46, 1, 1, 1),
(185, '100m', 47, 0, 1, 1),
(186, '12m', 47, 0, 1, 1),
(187, '33m', 47, 1, 1, 1),
(188, '22m', 47, 0, 1, 1),
(189, 'Sam i samcat', 48, 0, 1, 1),
(190, 'Sigurnost informacijskih sustava', 48, 1, 1, 1),
(191, 'Strelil bum se ak bum ovo delal jos par sekundi', 48, 0, 1, 1),
(192, 'Glupi je zadatak', 48, 0, 1, 1),
(193, 'Plava', 49, 0, 1, 1),
(194, 'Bijela', 49, 1, 1, 1),
(195, 'Crvena', 49, 0, 1, 1),
(196, 'Glupi si', 49, 0, 1, 1),
(197, 'dasda', 50, 0, 1, 1),
(198, 'dada', 50, 0, 1, 1),
(199, 'dada', 50, 0, 1, 1),
(200, 'dada', 50, 1, 1, 1),
(201, 'dasdas', 51, 0, 1, 1),
(202, 'dasdas', 51, 0, 1, 1),
(203, 'dasda', 51, 0, 1, 1),
(204, 'dsad', 51, 1, 1, 1),
(205, 'sjda', 52, 0, 1, 1),
(206, 'sadjkabda', 52, 0, 1, 1),
(207, 'dasjdbakj', 52, 1, 1, 1),
(208, 'dasjkdbas', 52, 0, 1, 1),
(209, 'askdbasd', 53, 0, 1, 1),
(210, 'askdbaskj', 53, 0, 1, 1),
(211, 'ashdbaks', 53, 1, 1, 1),
(212, 'assdbkasb', 53, 0, 1, 1),
(213, 'ufshf', 54, 0, 1, 1),
(214, 'fuoshf', 54, 0, 1, 1),
(215, 'fusaoh', 54, 1, 1, 1),
(216, 'fhuas', 54, 0, 1, 1),
(217, 'vabjks', 55, 0, 1, 1),
(218, 'bajks', 55, 0, 1, 1),
(219, 'vakjsfb', 55, 1, 1, 1),
(220, 'lc', 55, 0, 1, 1),
(221, 'dbashd', 56, 1, 1, 1),
(222, 'dash', 56, 0, 1, 1),
(223, 'dbashd', 57, 1, 1, 1),
(224, 'dash', 57, 0, 1, 1),
(225, 'Playertracker', 58, 1, 1, 1),
(226, 'Examportal', 58, 0, 1, 1),
(231, 'dasda', 59, 1, 1, 1),
(232, 'dasdas', 59, 0, 1, 1),
(233, 'dad', 59, 0, 1, 1),
(234, 'sdada', 59, 0, 1, 1);

-- --------------------------------------------------------

--
-- Table structure for table `ep_pitanja_na_testu`
--

CREATE TABLE `ep_pitanja_na_testu` (
  `ID` int NOT NULL,
  `testID` int NOT NULL,
  `pitanjeID` int NOT NULL,
  `odgovorID` int NOT NULL,
  `odabrano` tinyint(1) NOT NULL DEFAULT '0'
) ENGINE=InnoDB DEFAULT CHARSET=utf8mb4 COLLATE=utf8mb4_general_ci;

-- --------------------------------------------------------

--
-- Table structure for table `ep_pitanje`
--

CREATE TABLE `ep_pitanje` (
  `ID` int NOT NULL,
  `tekst_pitanja` text COLLATE utf8mb4_general_ci NOT NULL,
  `korisnikID` int NOT NULL,
  `brojBodova` int NOT NULL DEFAULT '0',
  `hint` text COLLATE utf8mb4_general_ci,
  `broj_ponudenih` int NOT NULL DEFAULT '0',
  `aktivno` tinyint(1) NOT NULL DEFAULT '1',
  `temaID` int NOT NULL,
  `slika` varchar(255) COLLATE utf8mb4_general_ci DEFAULT NULL
) ENGINE=InnoDB DEFAULT CHARSET=utf8mb4 COLLATE=utf8mb4_general_ci;

--
-- Dumping data for table `ep_pitanje`
--

INSERT INTO `ep_pitanje` (`ID`, `tekst_pitanja`, `korisnikID`, `brojBodova`, `hint`, `broj_ponudenih`, `aktivno`, `temaID`, `slika`) VALUES
(21, 'Koji je glavni grad Francuske?', 1, 5, 'Grad ljubavi', 4, 1, 1, NULL),
(24, 'Koliko kontinenata postoji na Zemlji?', 1, 4, 'Broj je između 5 i 7', 4, 1, 1, NULL),
(27, 'Koja rijeka teče kroz Zagreb?', 1, 3, 'Počinje slovom S', 4, 1, 1, NULL),
(30, 'Tko je napisao \"Hamlet\"?', 1, 5, 'Poznati engleski pisac', 4, 1, 5, NULL),
(31, 'Koji je najveći ocean na svijetu?', 1, 5, 'Nalazi se između Amerike i Azije', 4, 1, 1, NULL),
(34, 'Tko je otkrio gravitaciju?', 1, 5, 'Jabuka mu je pala na glavu', 4, 1, 4, NULL),
(37, 'Koji je glavni sastojak piva?', 1, 5, 'Napravljen je od žitarica', 4, 1, 6, NULL),
(40, 'Koji metal je najlakši?', 1, 3, 'Koristi se u baterijama', 4, 1, 3, NULL),
(46, 'Kad bude Martin ćelavi?', 1, 1, NULL, 0, 1, 4, NULL),
(47, 'Koliko je visoka gora', 1, 1, NULL, 0, 1, 1, NULL),
(48, 'Kaj znači Sis', 1, 1, NULL, 0, 1, 10, NULL),
(49, 'Koje je boja kapa', 1, 1, NULL, 0, 1, 11, NULL),
(50, 'dsada', 1, 1, NULL, 0, 1, 12, 'uploads/1741103966_474501156_1286432389237726_8017745531472963064_n.jpg'),
(51, 'dsadas', 1, 1, NULL, 0, 1, 12, 'uploads/1741104618_playertracker_logo.png'),
(52, 'djksbdja', 1, 1, 'jksdbsadjkabd', 0, 1, 12, 'uploads/1741117652_477000787_596460106540980_574527163491175664_n.jpg'),
(53, 'jdadja', 1, 1, 'dnljasdla', 0, 1, 12, 'uploads/1741118067_playertracker_logo.png'),
(54, 'jwdhajd', 1, 1, 'hufash', 0, 1, 12, NULL),
(55, 'ejvja', 1, 1, 'LLHAS', 0, 1, 12, 'uploads/1741245049_474501156_1286432389237726_8017745531472963064_n.jpg'),
(56, 'dbjajks', 1, 1, '', 2, 1, 12, NULL),
(57, 'dbjajks', 1, 1, '', 2, 1, 12, NULL),
(58, 'Koja je ovo slika?', 1, 1, '', 2, 1, 11, 'uploads/1741952258_playertracker_logo.png'),
(59, 'csdas', 1, 1, 'aloo debeli\r\n', 4, 1, 4, 'uploads/1742294631_477000787_596460106540980_574527163491175664_n.jpg');

-- --------------------------------------------------------

--
-- Table structure for table `ep_prava`
--

CREATE TABLE `ep_prava` (
  `ID` int NOT NULL,
  `korisnikID` int NOT NULL,
  `pravoID` int NOT NULL
) ENGINE=InnoDB DEFAULT CHARSET=utf8mb4 COLLATE=utf8mb4_general_ci;

--
-- Dumping data for table `ep_prava`
--

INSERT INTO `ep_prava` (`ID`, `korisnikID`, `pravoID`) VALUES
(1, 1, 1);

-- --------------------------------------------------------

--
-- Table structure for table `ep_pravo`
--

CREATE TABLE `ep_pravo` (
  `ID` int NOT NULL,
  `opis` varchar(255) COLLATE utf8mb4_general_ci NOT NULL
) ENGINE=InnoDB DEFAULT CHARSET=utf8mb4 COLLATE=utf8mb4_general_ci;

--
-- Dumping data for table `ep_pravo`
--

INSERT INTO `ep_pravo` (`ID`, `opis`) VALUES
(1, 'Admin\r\n'),
(2, 'Neadmin\r\n');

-- --------------------------------------------------------

--
-- Table structure for table `ep_razred`
--

CREATE TABLE `ep_razred` (
  `id` int NOT NULL,
  `tip` varchar(20) NOT NULL,
  `razred` tinyint NOT NULL
) ENGINE=InnoDB DEFAULT CHARSET=utf8mb3;

--
-- Dumping data for table `ep_razred`
--

INSERT INTO `ep_razred` (`id`, `tip`, `razred`) VALUES
(1, 'osnovna', 1),
(2, 'osnovna', 2),
(3, 'osnovna', 3),
(4, 'osnovna', 4),
(5, 'osnovna', 5),
(6, 'osnovna', 6),
(7, 'osnovna', 7),
(8, 'osnovna', 8),
(9, 'srednja', 1),
(10, 'srednja', 2),
(11, 'srednja', 3),
(12, 'srednja', 4);

-- --------------------------------------------------------

--
-- Table structure for table `ep_razredi`
--

CREATE TABLE `ep_razredi` (
  `id` int NOT NULL,
  `razred_id` int NOT NULL,
  `tema_id` int NOT NULL
) ENGINE=InnoDB DEFAULT CHARSET=utf8mb4 COLLATE=utf8mb4_general_ci;

--
-- Dumping data for table `ep_razredi`
--

INSERT INTO `ep_razredi` (`id`, `razred_id`, `tema_id`) VALUES
(1, 1, 2),
(2, 1, 9),
(3, 2, 1),
(4, 2, 5),
(5, 3, 4),
(6, 3, 7),
(7, 4, 8),
(8, 4, 9),
(9, 5, 2),
(10, 5, 5),
(11, 6, 3),
(12, 6, 7),
(13, 7, 1),
(14, 7, 4),
(15, 8, 11),
(16, 9, 2),
(17, 9, 8),
(18, 9, 5),
(19, 10, 1),
(20, 10, 3),
(21, 10, 9),
(22, 11, 4),
(23, 11, 7),
(24, 11, 11),
(25, 12, 10),
(26, 12, 12);

-- --------------------------------------------------------

--
-- Table structure for table `ep_teme`
--

CREATE TABLE `ep_teme` (
  `ID` int NOT NULL,
  `naziv` varchar(255) COLLATE utf8mb4_general_ci NOT NULL
) ENGINE=InnoDB DEFAULT CHARSET=utf8mb4 COLLATE=utf8mb4_general_ci;

--
-- Dumping data for table `ep_teme`
--

INSERT INTO `ep_teme` (`ID`, `naziv`) VALUES
(2, 'Astronomija'),
(4, 'Biologija'),
(7, 'Ekonomija'),
(6, 'Fizika'),
(1, 'Geografija'),
(8, 'Hrana'),
(3, 'Kemija'),
(5, 'Književnost'),
(12, 'ostalo'),
(10, 'Sigurnost informacijskih sustava'),
(11, 'Slikice'),
(9, 'Sport');

-- --------------------------------------------------------

--
-- Table structure for table `ep_test`
--

CREATE TABLE `ep_test` (
  `ID` int NOT NULL,
  `korisnikID` int NOT NULL,
  `kviz_id` int NOT NULL,
  `rezultat` int DEFAULT NULL,
  `ukupno_pitanja` int DEFAULT NULL,
  `tocno_odgovori` int DEFAULT NULL,
  `netocno_odgovori` int DEFAULT NULL,
  `trajanje` time DEFAULT NULL,
  `broj_pokusaja` int DEFAULT NULL,
  `kreirano` datetime DEFAULT CURRENT_TIMESTAMP,
  `azurirano` datetime DEFAULT CURRENT_TIMESTAMP ON UPDATE CURRENT_TIMESTAMP,
  `vrijeme_pocetka` datetime NOT NULL,
  `vremensko_ogranicenje` int NOT NULL,
  `vrijeme_kraja` datetime DEFAULT NULL
) ENGINE=InnoDB DEFAULT CHARSET=utf8mb4 COLLATE=utf8mb4_general_ci;

--
-- Dumping data for table `ep_test`
--

INSERT INTO `ep_test` (`ID`, `korisnikID`, `kviz_id`, `rezultat`, `ukupno_pitanja`, `tocno_odgovori`, `netocno_odgovori`, `trajanje`, `broj_pokusaja`, `kreirano`, `azurirano`, `vrijeme_pocetka`, `vremensko_ogranicenje`, `vrijeme_kraja`) VALUES
(41, 19, 3, 1, 1, 1, 0, '00:01:17', 1, '2025-03-11 12:46:45', '2025-03-11 12:46:45', '2025-03-11 12:45:28', 0, '2025-03-11 12:45:28'),
(42, 19, 12, 3, 8, 3, 5, '00:00:07', 1, '2025-03-11 12:48:45', '2025-03-11 12:48:45', '2025-03-11 12:48:38', 0, '2025-03-11 12:48:38'),
(43, 19, 12, 2, 8, 2, 6, '00:00:08', 1, '2025-03-11 12:50:59', '2025-03-11 12:50:59', '2025-03-11 12:50:51', 0, '2025-03-11 12:50:51'),
(44, 1, 4, 1, 2, 1, 1, '00:00:02', 1, '2025-03-12 07:24:17', '2025-03-12 07:24:17', '2025-03-12 07:24:15', 0, '2025-03-12 07:24:15'),
(45, 1, 4, 1, 2, 1, 1, '00:00:00', 1, '2025-03-12 07:24:59', '2025-03-12 07:24:59', '2025-03-12 07:24:59', 0, '2025-03-12 07:24:59'),
(46, 1, 4, 1, 2, 1, 1, '00:00:02', 1, '2025-03-12 07:25:04', '2025-03-12 07:25:04', '2025-03-12 07:25:02', 0, '2025-03-12 07:25:02'),
(47, 1, 4, 1, 2, 1, 1, '00:00:02', 1, '2025-03-12 07:25:18', '2025-03-12 07:25:18', '2025-03-12 07:25:16', 0, '2025-03-12 07:25:16'),
(48, 1, 4, 2, 2, 2, 0, '00:10:33', 1, '2025-03-12 07:40:01', '2025-03-12 07:40:01', '2025-03-12 07:29:28', 0, '2025-03-12 07:29:28'),
(49, 1, 4, 1, 2, 1, 1, '00:00:04', 1, '2025-03-12 07:40:15', '2025-03-12 07:40:15', '2025-03-12 07:40:11', 0, '2025-03-12 07:40:11'),
(50, 1, 4, 1, 2, 1, 1, '00:00:00', 1, '2025-03-12 07:40:33', '2025-03-12 07:40:33', '2025-03-12 07:40:33', 0, '2025-03-12 07:40:33'),
(51, 19, 4, 2, 2, 2, 0, '00:00:02', 1, '2025-03-12 07:49:24', '2025-03-12 07:49:24', '2025-03-12 07:49:22', 0, '2025-03-12 07:49:22'),
(52, 19, 4, 0, 2, 0, 2, '00:00:03', 1, '2025-03-12 07:50:30', '2025-03-12 07:50:30', '2025-03-12 07:50:27', 0, '2025-03-12 07:50:27'),
(53, 19, 4, 1, 2, 1, 1, '00:00:03', 1, '2025-03-12 07:50:40', '2025-03-12 07:50:40', '2025-03-12 07:50:37', 0, '2025-03-12 07:50:37'),
(54, 19, 4, 2, 2, 2, 0, '00:00:03', 1, '2025-03-12 07:54:00', '2025-03-12 07:54:00', '2025-03-12 07:53:57', 0, '2025-03-12 07:53:57'),
(55, 1, 4, 2, 2, 2, 0, '00:00:02', 1, '2025-03-12 08:01:49', '2025-03-12 08:01:49', '2025-03-12 08:01:47', 0, '2025-03-12 08:01:47'),
(56, 19, 4, 1, 2, 1, 1, '00:00:03', 1, '2025-03-12 08:02:07', '2025-03-12 08:02:07', '2025-03-12 08:02:04', 0, '2025-03-12 08:02:04'),
(57, 20, 4, 1, 2, 1, 1, '00:00:02', 1, '2025-03-12 08:03:18', '2025-03-12 08:03:18', '2025-03-12 08:03:16', 0, '2025-03-12 08:03:16'),
(58, 20, 4, 1, 2, 1, 1, '00:00:01', 1, '2025-03-12 08:03:22', '2025-03-12 08:03:22', '2025-03-12 08:03:21', 0, '2025-03-12 08:03:21'),
(59, 20, 4, 1, 2, 1, 1, '00:00:09', 1, '2025-03-12 08:03:34', '2025-03-12 08:03:34', '2025-03-12 08:03:25', 0, '2025-03-12 08:03:25'),
(60, 20, 4, 1, 2, 1, 1, '00:00:02', 1, '2025-03-12 08:03:39', '2025-03-12 08:03:39', '2025-03-12 08:03:37', 0, '2025-03-12 08:03:37'),
(61, 19, 4, 1, 2, 1, 1, '00:00:02', 1, '2025-03-12 08:04:20', '2025-03-12 08:04:20', '2025-03-12 08:04:18', 0, '2025-03-12 08:04:18'),
(62, 19, 4, 1, 2, 1, 1, '00:00:02', 1, '2025-03-12 08:15:16', '2025-03-12 08:15:16', '2025-03-12 08:15:14', 0, '2025-03-12 08:15:14'),
(63, 19, 4, 2, 2, 2, 0, '00:00:03', 1, '2025-03-12 08:20:40', '2025-03-12 08:20:40', '2025-03-12 08:20:37', 0, '2025-03-12 08:20:37'),
(64, 1, 4, 1, 2, 1, 1, '00:07:08', 1, '2025-03-14 12:12:07', '2025-03-14 12:12:07', '2025-03-14 11:04:59', 0, '2025-03-14 11:12:07'),
(65, 1, 6, 1, 1, 1, 0, '00:00:02', 1, '2025-03-14 12:12:23', '2025-03-14 12:12:23', '2025-03-14 11:12:21', 0, '2025-03-14 11:12:23'),
(66, 1, 5, 0, 1, 0, 1, '00:00:01', 1, '2025-03-14 12:12:35', '2025-03-14 12:12:35', '2025-03-14 11:12:34', 0, '2025-03-14 11:12:35'),
(67, 1, 3, 0, 1, 0, 1, '00:00:01', 1, '2025-03-14 12:13:00', '2025-03-14 12:13:00', '2025-03-14 11:12:59', 0, '2025-03-14 11:13:00'),
(68, 1, 3, 1, 1, 1, 0, '00:00:03', 1, '2025-03-14 12:16:51', '2025-03-14 12:16:51', '2025-03-14 11:16:48', 0, '2025-03-14 11:16:51'),
(69, 1, 3, 1, 1, 1, 0, '00:00:01', 1, '2025-03-14 12:16:58', '2025-03-14 12:16:58', '2025-03-14 11:16:57', 0, '2025-03-14 11:16:58'),
(70, 1, 4, 1, 2, 1, 1, '00:00:07', 1, '2025-03-14 12:18:13', '2025-03-14 12:18:13', '2025-03-14 11:18:06', 0, '2025-03-14 11:18:13'),
(71, 1, 4, 1, 2, 1, 1, '00:00:02', 1, '2025-03-14 12:18:55', '2025-03-14 12:18:55', '2025-03-14 11:18:53', 0, '2025-03-14 11:18:55'),
(72, 1, 4, 0, 2, 0, 2, '00:00:03', 1, '2025-03-14 12:20:06', '2025-03-14 12:20:06', '2025-03-14 11:20:03', 0, '2025-03-14 11:20:06'),
(73, 1, 4, 1, 2, 1, 1, '00:00:01', 1, '2025-03-14 12:21:02', '2025-03-14 12:21:02', '2025-03-14 11:21:01', 0, '2025-03-14 11:21:02'),
(74, 1, 4, 1, 2, 1, 1, '00:00:00', 1, '2025-03-14 12:21:56', '2025-03-14 12:21:56', '2025-03-14 11:21:56', 0, '2025-03-14 11:21:56'),
(75, 1, 6, 0, 1, 0, 1, '00:00:02', 1, '2025-03-14 12:22:07', '2025-03-14 12:22:07', '2025-03-14 11:22:05', 0, '2025-03-14 11:22:07'),
(76, 1, 4, 2, 2, 2, 0, '00:00:04', 1, '2025-03-14 12:22:25', '2025-03-14 12:22:25', '2025-03-14 11:22:21', 0, '2025-03-14 11:22:25'),
(77, 1, 4, 2, 2, 2, 0, '00:00:02', 1, '2025-03-14 12:23:03', '2025-03-14 12:23:03', '2025-03-14 11:23:01', 0, '2025-03-14 11:23:03'),
(78, 1, 4, 2, 2, 2, 0, '00:00:02', 1, '2025-03-14 12:24:05', '2025-03-14 12:24:05', '2025-03-14 11:24:03', 0, '2025-03-14 11:24:05'),
(79, 1, 4, 2, 2, 2, 0, '00:00:03', 1, '2025-03-14 12:26:05', '2025-03-14 12:26:05', '2025-03-14 11:26:02', 0, '2025-03-14 11:26:05'),
(80, 1, 4, 2, 2, 2, 0, '00:00:03', 1, '2025-03-14 12:26:46', '2025-03-14 12:26:46', '2025-03-14 11:26:43', 0, '2025-03-14 11:26:46'),
(81, 1, 4, 2, 2, 2, 0, '00:00:02', 1, '2025-03-14 12:27:33', '2025-03-14 12:27:33', '2025-03-14 11:27:31', 0, '2025-03-14 11:27:33'),
(82, 1, 4, 2, 2, 2, 0, '00:00:02', 1, '2025-03-14 12:30:20', '2025-03-14 12:30:20', '2025-03-14 11:30:18', 0, '2025-03-14 11:30:20'),
(83, 1, 4, 2, 2, 2, 0, '00:00:02', 1, '2025-03-14 12:32:43', '2025-03-14 12:32:43', '2025-03-14 11:32:41', 0, '2025-03-14 11:32:43'),
(84, 1, 4, 1, 2, 1, 1, '00:00:04', 1, '2025-03-14 12:33:16', '2025-03-14 12:33:16', '2025-03-14 11:33:12', 0, '2025-03-14 11:33:16'),
(85, 1, 4, 1, 2, 1, 1, '00:00:02', 1, '2025-03-14 12:33:31', '2025-03-14 12:33:31', '2025-03-14 11:33:29', 0, '2025-03-14 11:33:31'),
(86, 1, 3, 1, 1, 1, 0, '00:00:01', 1, '2025-03-14 12:33:50', '2025-03-14 12:33:50', '2025-03-14 11:33:49', 0, '2025-03-14 11:33:50'),
(87, 1, 6, 0, 1, 0, 1, '00:00:02', 1, '2025-03-14 12:34:23', '2025-03-14 12:34:23', '2025-03-14 11:34:21', 0, '2025-03-14 11:34:23'),
(88, 1, 6, 0, 1, 0, 1, '00:00:02', 1, '2025-03-14 12:34:43', '2025-03-14 12:34:43', '2025-03-14 11:34:41', 0, '2025-03-14 11:34:43'),
(89, 1, 4, 2, 2, 2, 0, '00:00:02', 1, '2025-03-14 12:34:49', '2025-03-14 12:34:49', '2025-03-14 11:34:47', 0, '2025-03-14 11:34:49'),
(90, 1, 4, 2, 2, 2, 0, '00:00:02', 1, '2025-03-14 12:35:14', '2025-03-14 12:35:14', '2025-03-14 11:35:12', 0, '2025-03-14 11:35:14'),
(91, 1, 3, 0, 1, 0, 1, '00:00:02', 1, '2025-03-14 12:35:24', '2025-03-14 12:35:24', '2025-03-14 11:35:22', 0, '2025-03-14 11:35:24'),
(92, 1, 4, 0, 2, 0, 2, '00:00:02', 1, '2025-03-14 12:36:08', '2025-03-14 12:36:08', '2025-03-14 11:36:06', 0, '2025-03-14 11:36:08'),
(93, 1, 3, 0, 1, 0, 1, '00:00:01', 1, '2025-03-14 12:36:20', '2025-03-14 12:36:20', '2025-03-14 11:36:19', 0, '2025-03-14 11:36:20'),
(94, 1, 11, 1, 2, 1, 1, '00:00:06', 1, '2025-03-14 12:37:48', '2025-03-14 12:37:48', '2025-03-14 11:37:42', 0, '2025-03-14 11:37:48'),
(95, 19, 3, 1, 1, 1, 0, '00:00:01', 1, '2025-03-14 12:38:17', '2025-03-14 12:38:17', '2025-03-14 11:38:16', 0, '2025-03-14 11:38:17'),
(96, 19, 11, 1, 2, 1, 1, '00:00:03', 1, '2025-03-14 12:41:28', '2025-03-14 12:41:28', '2025-03-14 11:41:25', 0, '2025-03-14 11:41:28'),
(97, 19, 4, 2, 2, 2, 0, '00:00:02', 1, '2025-03-14 12:43:32', '2025-03-14 12:43:32', '2025-03-14 11:43:30', 0, '2025-03-14 11:43:32'),
(98, 19, 4, 2, 2, 2, 0, '00:00:02', 1, '2025-03-14 12:45:20', '2025-03-14 12:45:20', '2025-03-14 11:45:18', 0, '2025-03-14 11:45:20'),
(99, 19, 4, 0, 2, 0, 2, '00:00:05', 1, '2025-03-14 12:45:42', '2025-03-14 12:45:42', '2025-03-14 11:45:37', 0, '2025-03-14 11:45:42'),
(100, 1, 6, 1, 1, 1, 0, '00:00:20', 1, '2025-03-15 15:16:32', '2025-03-15 15:16:32', '2025-03-15 14:16:12', 0, '2025-03-15 14:16:32'),
(101, 1, 10, 0, 1, 0, 1, '00:00:03', 1, '2025-03-15 15:16:48', '2025-03-15 15:16:48', '2025-03-15 14:16:45', 0, '2025-03-15 14:16:48'),
(102, 1, 6, 0, 1, 0, 1, '00:15:34', 1, '2025-03-17 16:07:06', '2025-03-17 16:07:06', '2025-03-17 14:51:32', 0, '2025-03-17 15:07:06'),
(103, 1, 4, 1, 2, 1, 1, '00:00:02', 1, '2025-03-17 16:07:12', '2025-03-17 16:07:12', '2025-03-17 15:07:10', 0, '2025-03-17 15:07:12'),
(104, 1, 4, 0, 2, 0, 2, '00:00:19', 1, '2025-03-17 16:19:50', '2025-03-17 16:19:50', '2025-03-17 15:19:31', 0, '2025-03-17 15:19:50'),
(105, 1, 6, 1, 1, 1, 0, '00:00:02', 1, '2025-03-17 16:28:08', '2025-03-17 16:28:08', '2025-03-17 15:28:06', 0, '2025-03-17 15:28:08'),
(106, 1, 4, 0, 2, 0, 2, '00:09:07', 1, '2025-03-17 16:37:33', '2025-03-17 16:37:33', '2025-03-17 15:28:26', 0, '2025-03-17 15:37:33'),
(107, 1, 6, 0, 1, 0, 1, '00:03:14', 1, '2025-03-17 16:40:50', '2025-03-17 16:40:50', '2025-03-17 15:37:36', 0, '2025-03-17 15:40:50'),
(108, 1, 4, 0, 2, 0, 2, '00:00:03', 1, '2025-03-17 16:40:58', '2025-03-17 16:40:58', '2025-03-17 15:40:55', 0, '2025-03-17 15:40:58'),
(109, 1, 4, 0, 2, 0, 2, '00:09:52', 1, '2025-03-17 16:50:54', '2025-03-17 16:50:54', '2025-03-17 15:41:02', 0, '2025-03-17 15:50:54'),
(110, 1, 4, 1, 2, 1, 1, '00:00:07', 1, '2025-03-17 17:01:36', '2025-03-17 17:01:36', '2025-03-17 16:01:29', 0, '2025-03-17 16:01:36'),
(111, 1, 3, 1, 1, 1, 0, '00:00:03', 1, '2025-03-17 17:02:19', '2025-03-17 17:02:19', '2025-03-17 16:02:16', 0, '2025-03-17 16:02:19'),
(112, 1, 4, 0, 2, 0, 2, '00:11:41', 1, '2025-03-17 17:02:38', '2025-03-17 17:02:38', '2025-03-17 15:50:57', 0, '2025-03-17 16:02:38'),
(113, 1, 4, 2, 2, 2, 0, '00:34:38', 1, '2025-03-17 17:37:35', '2025-03-17 17:37:35', '2025-03-17 16:02:57', 0, '2025-03-17 16:37:35'),
(114, 1, 4, 1, 2, 1, 1, '00:02:49', 1, '2025-03-17 17:56:43', '2025-03-17 17:56:43', '2025-03-17 16:53:54', 0, '2025-03-17 16:56:43'),
(115, 1, 4, 1, 2, 1, 1, '00:00:00', 1, '2025-03-17 17:58:14', '2025-03-17 17:58:14', '2025-03-17 16:58:14', 0, '2025-03-17 16:58:14'),
(116, 1, 4, 0, 2, 0, 2, '00:00:04', 1, '2025-03-17 17:58:20', '2025-03-17 17:58:20', '2025-03-17 16:58:16', 0, '2025-03-17 16:58:20'),
(117, 1, 4, 0, 2, 0, 2, '00:00:00', 1, '2025-03-17 17:59:26', '2025-03-17 17:59:26', '2025-03-17 16:59:26', 0, '2025-03-17 16:59:26'),
(118, 1, 4, 0, 2, 0, 2, '00:00:03', 1, '2025-03-17 17:59:52', '2025-03-17 17:59:52', '2025-03-17 16:59:49', 0, '2025-03-17 16:59:52'),
(119, 1, 4, 0, 2, 0, 2, '00:00:04', 1, '2025-03-17 18:00:00', '2025-03-17 18:00:00', '2025-03-17 16:59:56', 0, '2025-03-17 17:00:00'),
(120, 1, 4, 0, 2, 0, 2, '00:00:07', 1, '2025-03-17 18:00:15', '2025-03-17 18:00:15', '2025-03-17 17:00:08', 0, '2025-03-17 17:00:15'),
(121, 1, 4, 2, 2, 2, 0, '00:00:03', 1, '2025-03-17 18:00:24', '2025-03-17 18:00:24', '2025-03-17 17:00:21', 0, '2025-03-17 17:00:24'),
(122, 1, 4, 1, 2, 1, 1, '00:00:04', 1, '2025-03-17 18:01:03', '2025-03-17 18:01:03', '2025-03-17 17:00:59', 0, '2025-03-17 17:01:03'),
(123, 1, 4, 0, 2, 0, 2, '00:00:00', 1, '2025-03-17 18:11:20', '2025-03-17 18:11:20', '2025-03-17 17:11:20', 0, '2025-03-17 17:11:20'),
(124, 1, 4, 0, 2, 0, 2, '00:00:04', 1, '2025-03-17 18:11:28', '2025-03-17 18:11:28', '2025-03-17 17:11:24', 0, '2025-03-17 17:11:28'),
(125, 1, 4, 0, 2, 0, 2, '00:00:00', 1, '2025-03-17 18:16:22', '2025-03-17 18:16:22', '2025-03-17 17:16:22', 0, '2025-03-17 17:16:22'),
(126, 1, 4, 2, 2, 2, 0, '00:00:06', 1, '2025-03-17 18:16:31', '2025-03-17 18:16:31', '2025-03-17 17:16:25', 0, '2025-03-17 17:16:31'),
(127, 1, 4, 0, 2, 0, 2, '00:00:04', 1, '2025-03-17 18:19:48', '2025-03-17 18:19:48', '2025-03-17 17:19:44', 0, '2025-03-17 17:19:48'),
(128, 1, 4, 0, 2, 0, 2, '00:00:03', 1, '2025-03-17 18:20:17', '2025-03-17 18:20:17', '2025-03-17 17:20:14', 0, '2025-03-17 17:20:17'),
(129, 1, 4, 0, 2, 0, 2, '00:00:04', 1, '2025-03-17 18:20:32', '2025-03-17 18:20:32', '2025-03-17 17:20:28', 0, '2025-03-17 17:20:32'),
(130, 1, 4, 0, 2, 0, 2, '00:00:04', 1, '2025-03-17 18:20:44', '2025-03-17 18:20:44', '2025-03-17 17:20:40', 0, '2025-03-17 17:20:44'),
(131, 1, 3, 0, 1, 0, 1, '00:00:03', 1, '2025-03-17 18:21:01', '2025-03-17 18:21:01', '2025-03-17 17:20:58', 0, '2025-03-17 17:21:01'),
(132, 1, 3, 1, 1, 1, 0, '00:00:02', 1, '2025-03-17 18:21:13', '2025-03-17 18:21:13', '2025-03-17 17:21:11', 0, '2025-03-17 17:21:13'),
(133, 1, 4, 0, 2, 0, 2, '00:00:02', 1, '2025-03-17 18:23:44', '2025-03-17 18:23:44', '2025-03-17 17:23:42', 0, '2025-03-17 17:23:44'),
(134, 1, 4, 0, 2, 0, 2, '00:00:00', 1, '2025-03-17 18:26:47', '2025-03-17 18:26:47', '2025-03-17 17:26:47', 0, '2025-03-17 17:26:47'),
(135, 1, 4, 0, 2, 0, 2, '00:00:03', 1, '2025-03-17 18:26:54', '2025-03-17 18:26:54', '2025-03-17 17:26:51', 0, '2025-03-17 17:26:54'),
(136, 1, 4, 1, 2, 1, 1, '00:13:57', 1, '2025-03-17 18:52:20', '2025-03-17 18:52:20', '2025-03-17 17:38:23', 0, '2025-03-17 17:52:20'),
(137, 1, 4, 1, 2, 1, 1, '00:00:03', 1, '2025-03-17 18:57:57', '2025-03-17 18:57:57', '2025-03-17 17:57:54', 0, '2025-03-17 17:57:57'),
(138, 1, 4, 0, 2, 0, 2, '00:00:03', 1, '2025-03-17 19:00:06', '2025-03-17 19:00:06', '2025-03-17 18:00:03', 0, '2025-03-17 18:00:06'),
(139, 1, 4, 0, 2, 0, 2, '00:06:22', 1, '2025-03-17 19:06:32', '2025-03-17 19:06:32', '2025-03-17 18:00:10', 0, '2025-03-17 18:06:32'),
(140, 1, 4, 0, 2, 0, 2, '00:00:02', 1, '2025-03-17 19:07:01', '2025-03-17 19:07:01', '2025-03-17 18:06:59', 0, '2025-03-17 18:07:01'),
(141, 1, 4, 1, 2, 1, 1, '00:00:03', 1, '2025-03-17 19:59:18', '2025-03-17 19:59:18', '2025-03-17 18:59:15', 0, '2025-03-17 18:59:18'),
(142, 1, 4, 0, 2, 0, 2, '00:00:10', 1, '2025-03-17 20:04:12', '2025-03-17 20:04:12', '2025-03-17 19:04:02', 0, '2025-03-17 19:04:12'),
(143, 1, 4, 1, 2, 1, 1, '00:00:03', 1, '2025-03-17 21:32:38', '2025-03-17 21:32:38', '2025-03-17 20:32:35', 0, '2025-03-17 20:32:38'),
(144, 1, 4, 1, 2, 1, 1, '00:00:02', 1, '2025-03-17 21:47:12', '2025-03-17 21:47:12', '2025-03-17 20:47:10', 0, '2025-03-17 20:47:12'),
(145, 1, 4, 0, 2, 0, 2, '00:00:04', 1, '2025-03-17 21:53:55', '2025-03-17 21:53:55', '2025-03-17 20:53:51', 0, '2025-03-17 20:53:55'),
(146, 1, 4, 0, 2, 0, 2, '00:00:03', 1, '2025-03-17 21:57:02', '2025-03-17 21:57:02', '2025-03-17 20:56:59', 0, '2025-03-17 20:57:02'),
(147, 1, 4, 0, 2, 0, 2, '00:00:03', 1, '2025-03-17 21:59:20', '2025-03-17 21:59:20', '2025-03-17 20:59:17', 0, '2025-03-17 20:59:20'),
(148, 1, 4, 1, 2, 1, 1, '00:00:04', 1, '2025-03-17 22:02:03', '2025-03-17 22:02:03', '2025-03-17 21:01:59', 0, '2025-03-17 21:02:03'),
(149, 1, 4, 0, 2, 0, 2, '00:00:02', 1, '2025-03-17 22:02:30', '2025-03-17 22:02:30', '2025-03-17 21:02:28', 0, '2025-03-17 21:02:30'),
(150, 1, 4, 0, 2, 0, 2, '00:00:04', 1, '2025-03-17 22:02:40', '2025-03-17 22:02:40', '2025-03-17 21:02:36', 0, '2025-03-17 21:02:40'),
(151, 1, 4, 1, 2, 1, 1, '00:00:04', 1, '2025-03-17 22:02:49', '2025-03-17 22:02:49', '2025-03-17 21:02:45', 0, '2025-03-17 21:02:49'),
(152, 1, 4, 0, 2, 0, 2, '00:00:05', 1, '2025-03-17 22:04:44', '2025-03-17 22:04:44', '2025-03-17 21:04:39', 0, '2025-03-17 21:04:44'),
(153, 1, 4, 0, 2, 0, 2, '00:00:02', 1, '2025-03-17 22:04:53', '2025-03-17 22:04:53', '2025-03-17 21:04:51', 0, '2025-03-17 21:04:53'),
(154, 1, 4, 1, 2, 1, 1, '00:00:03', 1, '2025-03-17 22:05:00', '2025-03-17 22:05:00', '2025-03-17 21:04:57', 0, '2025-03-17 21:05:00'),
(155, 1, 3, 1, 1, 1, 0, '00:00:04', 1, '2025-03-17 22:05:15', '2025-03-17 22:05:15', '2025-03-17 21:05:11', 0, '2025-03-17 21:05:15'),
(156, 1, 6, 1, 1, 1, 0, '00:00:02', 1, '2025-03-17 22:05:19', '2025-03-17 22:05:19', '2025-03-17 21:05:17', 0, '2025-03-17 21:05:19'),
(157, 1, 4, 0, 2, 0, 2, '00:00:02', 1, '2025-03-17 22:05:23', '2025-03-17 22:05:23', '2025-03-17 21:05:21', 0, '2025-03-17 21:05:23'),
(158, 1, 4, 0, 2, 0, 2, '00:00:02', 1, '2025-03-17 22:11:49', '2025-03-17 22:11:49', '2025-03-17 21:11:47', 0, '2025-03-17 21:11:49'),
(159, 1, 4, 1, 2, 1, 1, '00:00:04', 1, '2025-03-17 22:12:08', '2025-03-17 22:12:08', '2025-03-17 21:12:04', 0, '2025-03-17 21:12:08'),
(160, 1, 4, 0, 2, 0, 2, '00:00:06', 1, '2025-03-17 22:12:18', '2025-03-17 22:12:18', '2025-03-17 21:12:12', 0, '2025-03-17 21:12:18'),
(161, 1, 4, 1, 2, 1, 1, '00:00:07', 1, '2025-03-17 22:12:29', '2025-03-17 22:12:29', '2025-03-17 21:12:22', 0, '2025-03-17 21:12:29'),
(162, 1, 4, 0, 2, 0, 2, '00:00:06', 1, '2025-03-17 22:12:39', '2025-03-17 22:12:39', '2025-03-17 21:12:33', 0, '2025-03-17 21:12:39'),
(163, 1, 4, 0, 2, 0, 2, '00:00:10', 1, '2025-03-18 07:20:01', '2025-03-18 07:20:01', '2025-03-18 06:19:51', 0, '2025-03-18 06:20:01'),
(164, 1, 4, 2, 2, 2, 0, '00:00:04', 1, '2025-03-18 07:20:16', '2025-03-18 07:20:16', '2025-03-18 06:20:12', 0, '2025-03-18 06:20:16'),
(165, 1, 3, 1, 1, 1, 0, '00:00:02', 1, '2025-03-18 07:20:24', '2025-03-18 07:20:24', '2025-03-18 06:20:22', 0, '2025-03-18 06:20:24'),
(166, 1, 4, 1, 2, 1, 1, '00:00:07', 1, '2025-03-18 07:26:21', '2025-03-18 07:26:21', '2025-03-18 06:26:14', 0, '2025-03-18 06:26:21'),
(167, 1, 6, 1, 1, 1, 0, '00:00:06', 1, '2025-03-18 07:26:33', '2025-03-18 07:26:33', '2025-03-18 06:26:27', 0, '2025-03-18 06:26:33'),
(168, 1, 3, 1, 1, 1, 0, '00:00:04', 1, '2025-03-18 07:26:44', '2025-03-18 07:26:44', '2025-03-18 06:26:40', 0, '2025-03-18 06:26:44'),
(169, 1, 10, 1, 1, 1, 0, '00:00:05', 1, '2025-03-18 07:26:54', '2025-03-18 07:26:54', '2025-03-18 06:26:49', 0, '2025-03-18 06:26:54'),
(170, 1, 4, 0, 2, 0, 2, '00:00:06', 1, '2025-03-18 07:27:03', '2025-03-18 07:27:03', '2025-03-18 06:26:57', 0, '2025-03-18 06:27:03'),
(171, 1, 1, 3, 5, 3, 2, '00:00:20', 1, '2025-03-18 07:27:29', '2025-03-18 07:27:29', '2025-03-18 06:27:09', 0, '2025-03-18 06:27:29'),
(172, 1, 4, 0, 2, 0, 2, '00:00:10', 1, '2025-03-18 07:37:29', '2025-03-18 07:37:29', '2025-03-18 06:37:19', 0, '2025-03-18 06:37:29'),
(173, 1, 4, 0, 2, 0, 2, '00:00:06', 1, '2025-03-18 07:37:40', '2025-03-18 07:37:40', '2025-03-18 06:37:34', 0, '2025-03-18 06:37:40'),
(174, 1, 4, 0, 2, 0, 2, '00:00:32', 1, '2025-03-18 07:38:53', '2025-03-18 07:38:53', '2025-03-18 06:38:21', 0, '2025-03-18 06:38:53'),
(175, 1, 4, 0, 2, 0, 2, '00:00:05', 1, '2025-03-18 07:39:03', '2025-03-18 07:39:03', '2025-03-18 06:38:58', 0, '2025-03-18 06:39:03'),
(176, 1, 4, 0, 2, 0, 2, '00:00:09', 1, '2025-03-18 07:43:59', '2025-03-18 07:43:59', '2025-03-18 06:43:50', 0, '2025-03-18 06:43:59'),
(177, 1, 4, 0, 2, 0, 2, '00:00:09', 1, '2025-03-18 07:49:45', '2025-03-18 07:49:45', '2025-03-18 06:49:36', 0, '2025-03-18 06:49:45'),
(178, 1, 4, 0, 2, 0, 2, '00:00:07', 1, '2025-03-18 07:50:00', '2025-03-18 07:50:00', '2025-03-18 06:49:53', 0, '2025-03-18 06:50:00'),
(179, 1, 4, 0, 2, 0, 2, '00:00:05', 1, '2025-03-18 11:41:26', '2025-03-18 11:41:26', '2025-03-18 10:41:21', 0, '2025-03-18 10:41:26'),
(180, 1, 6, 1, 1, 1, 0, '00:00:03', 1, '2025-03-18 11:41:36', '2025-03-18 11:41:36', '2025-03-18 10:41:33', 0, '2025-03-18 10:41:36'),
(181, 1, 1, 3, 5, 3, 2, '00:00:11', 1, '2025-03-18 11:42:00', '2025-03-18 11:42:00', '2025-03-18 10:41:49', 0, '2025-03-18 10:42:00'),
(182, 1, 6, 0, 1, 0, 1, '00:00:03', 1, '2025-03-18 11:42:35', '2025-03-18 11:42:35', '2025-03-18 10:42:32', 0, '2025-03-18 10:42:35'),
(183, 1, 6, 1, 1, 1, 0, '00:00:02', 1, '2025-03-18 11:42:40', '2025-03-18 11:42:40', '2025-03-18 10:42:38', 0, '2025-03-18 10:42:40'),
(184, 1, 12, 3, 8, 3, 5, '00:00:09', 1, '2025-03-18 11:43:21', '2025-03-18 11:43:21', '2025-03-18 10:43:12', 0, '2025-03-18 10:43:21'),
(185, 1, 4, 0, 3, 0, 3, '00:00:11', 1, '2025-03-18 11:44:06', '2025-03-18 11:44:06', '2025-03-18 10:43:55', 0, '2025-03-18 10:44:06'),
(186, 1, 4, 3, 3, 3, 0, '00:00:08', 1, '2025-03-18 11:48:43', '2025-03-18 11:48:43', '2025-03-18 10:48:35', 0, '2025-03-18 10:48:43'),
(187, 1, 4, 3, 3, 3, 0, '00:00:06', 1, '2025-03-18 11:48:58', '2025-03-18 11:48:58', '2025-03-18 10:48:52', 0, '2025-03-18 10:48:58'),
(188, 1, 4, 1, 3, 1, 2, '00:00:45', 1, '2025-03-18 11:49:46', '2025-03-18 11:49:46', '2025-03-18 10:49:01', 0, '2025-03-18 10:49:46'),
(189, 1, 4, 0, 3, 0, 3, '00:00:07', 1, '2025-03-18 11:52:20', '2025-03-18 11:52:20', '2025-03-18 10:52:13', 0, '2025-03-18 10:52:20'),
(190, 1, 4, 1, 3, 1, 2, '00:00:05', 1, '2025-03-18 11:52:31', '2025-03-18 11:52:31', '2025-03-18 10:52:26', 0, '2025-03-18 10:52:31'),
(191, 1, 4, 1, 3, 1, 2, '00:00:10', 1, '2025-03-18 11:56:03', '2025-03-18 11:56:03', '2025-03-18 10:55:53', 0, '2025-03-18 10:56:03'),
(192, 1, 4, 1, 3, 1, 2, '00:00:05', 1, '2025-03-18 11:56:13', '2025-03-18 11:56:13', '2025-03-18 10:56:08', 0, '2025-03-18 10:56:13'),
(193, 1, 4, 3, 3, 3, 0, '00:00:42', 1, '2025-03-18 11:57:03', '2025-03-18 11:57:03', '2025-03-18 10:56:21', 0, '2025-03-18 10:57:03'),
(194, 1, 4, 0, 3, 0, 3, '00:00:08', 1, '2025-03-18 11:57:20', '2025-03-18 11:57:20', '2025-03-18 10:57:12', 0, '2025-03-18 10:57:20'),
(195, 1, 4, 1, 3, 1, 2, '00:00:07', 1, '2025-03-18 11:57:33', '2025-03-18 11:57:33', '2025-03-18 10:57:26', 0, '2025-03-18 10:57:33'),
(196, 1, 4, 0, 3, 0, 3, '00:00:10', 1, '2025-03-18 11:58:16', '2025-03-18 11:58:16', '2025-03-18 10:58:06', 0, '2025-03-18 10:58:16'),
(197, 1, 4, 0, 3, 0, 3, '00:04:16', 1, '2025-03-18 12:08:47', '2025-03-18 12:08:47', '2025-03-18 11:04:31', 0, '2025-03-18 11:08:47'),
(198, 1, 4, 1, 3, 1, 2, '00:00:12', 1, '2025-03-18 12:09:03', '2025-03-18 12:09:03', '2025-03-18 11:08:51', 0, '2025-03-18 11:09:03'),
(199, 1, 4, 1, 3, 1, 2, '00:00:05', 1, '2025-03-18 12:09:13', '2025-03-18 12:09:13', '2025-03-18 11:09:08', 0, '2025-03-18 11:09:13'),
(200, 1, 4, 1, 3, 1, 2, '00:00:09', 1, '2025-03-18 12:16:29', '2025-03-18 12:16:29', '2025-03-18 11:16:20', 0, '2025-03-18 11:16:29'),
(201, 1, 4, 1, 3, 1, 2, '00:00:07', 1, '2025-03-18 12:16:40', '2025-03-18 12:16:40', '2025-03-18 11:16:33', 0, '2025-03-18 11:16:40'),
(202, 1, 1, 2, 5, 2, 3, '00:00:21', 1, '2025-03-18 12:17:16', '2025-03-18 12:17:16', '2025-03-18 11:16:55', 0, '2025-03-18 11:17:16'),
(203, 19, 6, 1, 1, 1, 0, '00:00:03', 1, '2025-03-18 12:18:18', '2025-03-18 12:18:18', '2025-03-18 11:18:15', 0, '2025-03-18 11:18:18'),
(204, 19, 4, 3, 3, 3, 0, '00:00:05', 1, '2025-03-18 12:19:39', '2025-03-18 12:19:39', '2025-03-18 11:19:34', 0, '2025-03-18 11:19:39'),
(205, 19, 4, 3, 3, 3, 0, '00:00:04', 1, '2025-03-18 12:19:54', '2025-03-18 12:19:54', '2025-03-18 11:19:50', 0, '2025-03-18 11:19:54'),
(206, 1, 4, 2, 3, 2, 1, '00:00:03', 1, '2025-03-18 12:30:19', '2025-03-18 12:30:19', '2025-03-18 11:30:16', 0, '2025-03-18 11:30:19'),
(207, 1, 4, 3, 3, 3, 0, '00:11:52', 1, '2025-03-18 12:51:52', '2025-03-18 12:51:52', '2025-03-18 11:40:00', 0, '2025-03-18 11:51:52'),
(208, 1, 4, 3, 3, 3, 0, '00:00:08', 1, '2025-03-18 12:52:32', '2025-03-18 12:52:32', '2025-03-18 11:52:24', 0, '2025-03-18 11:52:32'),
(209, 1, 4, 0, 3, 0, 3, '00:00:09', 1, '2025-03-18 12:52:45', '2025-03-18 12:52:45', '2025-03-18 11:52:36', 0, '2025-03-18 11:52:45'),
(210, 23, 2, 0, 0, 0, 0, '00:01:29', 1, '2025-03-18 12:56:19', '2025-03-18 12:56:19', '2025-03-18 11:54:50', 0, '2025-03-18 11:56:19'),
(211, 23, 4, 1, 3, 1, 2, '00:00:05', 1, '2025-03-18 12:56:30', '2025-03-18 12:56:30', '2025-03-18 11:56:25', 0, '2025-03-18 11:56:30'),
(212, 23, 1, 5, 5, 5, 0, '00:00:14', 1, '2025-03-18 12:56:51', '2025-03-18 12:56:51', '2025-03-18 11:56:37', 0, '2025-03-18 11:56:51'),
(213, 23, 4, 2, 3, 2, 1, '00:00:04', 1, '2025-03-18 12:57:08', '2025-03-18 12:57:08', '2025-03-18 11:57:04', 0, '2025-03-18 11:57:08'),
(214, 1, 4, 0, 3, 0, 3, '00:00:10', 1, '2025-03-18 17:04:34', '2025-03-18 17:04:34', '2025-03-18 16:04:24', 0, '2025-03-18 16:04:34'),
(215, 1, 4, 2, 3, 2, 1, '00:08:33', 1, '2025-03-18 17:13:48', '2025-03-18 17:13:48', '2025-03-18 16:05:15', 0, '2025-03-18 16:13:48'),
(216, 1, 4, 1, 3, 1, 2, '00:01:58', 1, '2025-03-18 17:15:50', '2025-03-18 17:15:50', '2025-03-18 16:13:52', 0, '2025-03-18 16:15:50'),
(217, 1, 4, 3, 3, 3, 0, '00:00:09', 1, '2025-03-18 17:16:05', '2025-03-18 17:16:05', '2025-03-18 16:15:56', 0, '2025-03-18 16:16:05'),
(218, 1, 4, 1, 3, 1, 2, '00:00:07', 1, '2025-03-18 17:16:27', '2025-03-18 17:16:27', '2025-03-18 16:16:20', 0, '2025-03-18 16:16:27'),
(219, 1, 4, 3, 3, 3, 0, '00:01:46', 1, '2025-03-18 17:33:11', '2025-03-18 17:33:11', '2025-03-18 16:31:25', 0, '2025-03-18 16:33:11'),
(220, 1, 4, 1, 3, 1, 2, '00:00:08', 1, '2025-03-18 17:43:19', '2025-03-18 17:43:19', '2025-03-18 16:43:11', 0, '2025-03-18 16:43:19'),
(221, 1, 4, 3, 3, 3, 0, '00:00:09', 1, '2025-03-18 17:48:58', '2025-03-18 17:48:58', '2025-03-18 16:48:49', 0, '2025-03-18 16:48:58'),
(222, 1, 4, 2, 3, 2, 1, '00:00:22', 1, '2025-03-18 17:49:55', '2025-03-18 17:49:55', '2025-03-18 16:49:33', 0, '2025-03-18 16:49:55'),
(223, 19, 4, 2, 3, 2, 1, '00:00:08', 1, '2025-03-18 17:50:34', '2025-03-18 17:50:34', '2025-03-18 16:50:26', 0, '2025-03-18 16:50:34'),
(224, 1, 4, 2, 3, 2, 1, '00:01:01', 1, '2025-03-18 18:22:55', '2025-03-18 18:22:55', '2025-03-18 17:21:54', 0, '2025-03-18 17:22:55'),
(225, 19, 4, 2, 3, 2, 1, '00:00:05', 1, '2025-03-18 18:23:18', '2025-03-18 18:23:18', '2025-03-18 17:23:13', 0, '2025-03-18 17:23:18'),
(226, 1, 4, 1, 3, 1, 2, '00:00:09', 1, '2025-03-19 15:07:02', '2025-03-19 15:07:02', '2025-03-19 14:06:53', 0, '2025-03-19 14:07:02'),
(227, 1, 4, 2, 3, 2, 1, '00:00:06', 1, '2025-03-19 15:07:15', '2025-03-19 15:07:15', '2025-03-19 14:07:09', 0, '2025-03-19 14:07:15'),
(228, 1, 4, 0, 3, 0, 3, '00:00:06', 1, '2025-03-19 15:36:53', '2025-03-19 15:36:53', '2025-03-19 14:36:47', 0, '2025-03-19 14:36:53'),
(229, 1, 2, 0, 0, 0, 0, '00:00:00', 1, '2025-03-19 16:35:01', '2025-03-19 16:35:01', '2025-03-19 15:35:01', 0, '2025-03-19 15:35:01'),
(230, 1, 4, 2, 3, 2, 1, '00:00:05', 1, '2025-03-19 16:35:10', '2025-03-19 16:35:10', '2025-03-19 15:35:05', 0, '2025-03-19 15:35:10'),
(231, 1, 11, 0, 2, 0, 2, '00:00:03', 1, '2025-03-19 16:50:54', '2025-03-19 16:50:54', '2025-03-19 15:50:51', 0, '2025-03-19 15:50:54'),
(232, 1, 11, 0, 2, 0, 2, '00:02:00', 1, '2025-03-19 18:17:23', '2025-03-19 18:17:23', '2025-03-19 17:15:23', 0, '2025-03-19 17:17:23'),
(233, 19, 4, 3, 3, 3, 0, '00:00:05', 1, '2025-03-19 18:39:06', '2025-03-19 18:39:06', '2025-03-19 17:39:01', 0, '2025-03-19 17:39:06'),
(234, 1, 1, 1, 5, 1, 4, '00:00:05', 1, '2025-03-19 19:03:50', '2025-03-19 19:03:50', '2025-03-19 18:03:45', 0, '2025-03-19 18:03:50'),
(235, 1, 2, 0, 0, 0, 0, '00:00:00', 1, '2025-03-19 19:04:06', '2025-03-19 19:04:06', '2025-03-19 18:04:06', 0, '2025-03-19 18:04:06'),
(236, 1, 4, 3, 3, 3, 0, '00:00:06', 1, '2025-03-19 19:04:25', '2025-03-19 19:04:25', '2025-03-19 18:04:19', 0, '2025-03-19 18:04:25'),
(237, 1, 4, 1, 3, 1, 2, '00:00:05', 1, '2025-03-19 19:27:37', '2025-03-19 19:27:37', '2025-03-19 18:27:32', 0, '2025-03-19 18:27:37'),
(238, 1, 11, 1, 2, 1, 1, '00:00:36', 1, '2025-03-20 08:10:42', '2025-03-20 08:10:42', '2025-03-20 07:10:06', 0, '2025-03-20 07:10:42'),
(239, 19, 5, 1, 1, 1, 0, '00:00:02', 1, '2025-03-20 16:57:59', '2025-03-20 16:57:59', '2025-03-20 15:57:57', 0, '2025-03-20 15:57:59'),
(240, 19, 4, 1, 3, 1, 2, '00:00:11', 1, '2025-03-20 17:03:34', '2025-03-20 17:03:34', '2025-03-20 16:03:23', 0, '2025-03-20 16:03:34'),
(241, 1, 4, 0, 2, 0, 2, '00:00:14', 1, '2025-03-21 08:19:54', '2025-03-21 08:19:54', '2025-03-21 07:19:40', 0, '2025-03-21 07:19:54'),
(242, 1, 4, 2, 2, 2, 0, '00:00:03', 1, '2025-03-21 08:20:02', '2025-03-21 08:20:02', '2025-03-21 07:19:59', 0, '2025-03-21 07:20:02'),
(243, 1, 4, 2, 2, 2, 0, '00:00:03', 1, '2025-03-21 09:08:20', '2025-03-21 09:08:20', '2025-03-21 08:08:17', 0, '2025-03-21 08:08:20'),
(244, 1, 4, 2, 2, 2, 0, '00:00:09', 1, '2025-03-21 09:08:40', '2025-03-21 09:08:40', '2025-03-21 08:08:31', 0, '2025-03-21 08:08:40'),
(246, 19, 4, 1, 2, 1, 1, '00:00:03', 1, '2025-03-21 12:15:45', '2025-03-21 12:15:45', '2025-03-21 11:15:42', 0, '2025-03-21 11:15:45'),
(247, 1, 4, 1, 2, 1, 1, '00:00:04', 1, '2025-03-21 12:27:01', '2025-03-21 12:27:01', '2025-03-21 11:26:57', 0, '2025-03-21 11:27:01'),
(248, 1, 4, 1, 2, 1, 1, '00:00:00', 1, '2025-03-21 12:27:12', '2025-03-21 12:27:12', '2025-03-21 11:27:12', 0, '2025-03-21 11:27:12'),
(249, 1, 4, 1, 2, 1, 1, '00:00:00', 1, '2025-03-21 12:32:14', '2025-03-21 12:32:14', '2025-03-21 11:32:14', 0, '2025-03-21 11:32:14'),
(251, 19, 4, 1, 2, 1, 1, '00:00:02', 1, '2025-03-21 12:32:53', '2025-03-21 12:32:53', '2025-03-21 11:32:51', 0, '2025-03-21 11:32:53'),
(252, 19, 4, 1, 2, 1, 1, '00:00:03', 1, '2025-03-21 12:45:47', '2025-03-21 12:45:47', '2025-03-21 11:45:44', 0, '2025-03-21 11:45:47'),
(253, 19, 4, 1, 2, 1, 1, '00:00:03', 1, '2025-03-21 12:47:05', '2025-03-21 12:47:05', '2025-03-21 11:47:02', 0, '2025-03-21 11:47:05'),
(254, 19, 4, 1, 2, 1, 1, '00:00:00', 1, '2025-03-21 12:47:06', '2025-03-21 12:47:06', '2025-03-21 11:47:06', 0, '2025-03-21 11:47:06'),
(255, 19, 4, 0, 2, 0, 2, '00:00:03', 1, '2025-03-21 12:49:02', '2025-03-21 12:49:02', '2025-03-21 11:48:59', 0, '2025-03-21 11:49:02'),
(256, 1, 4, 2, 2, 2, 0, '00:00:05', 1, '2025-03-21 13:54:35', '2025-03-21 13:54:35', '2025-03-21 12:54:30', 0, '2025-03-21 12:54:35');

--
-- Indexes for dumped tables
--

--
-- Indexes for table `ep_korisnik`
--
ALTER TABLE `ep_korisnik`
  ADD PRIMARY KEY (`ID`),
  ADD UNIQUE KEY `email` (`email`),
  ADD KEY `razinaID` (`razinaID`),
  ADD KEY `razred_id` (`razred_id`);

--
-- Indexes for table `ep_korisnik_teme`
--
ALTER TABLE `ep_korisnik_teme`
  ADD PRIMARY KEY (`id`),
  ADD UNIQUE KEY `unique_korisnik_tema` (`korisnik_id`, `tema_id`),
  ADD KEY `korisnik_id` (`korisnik_id`),
  ADD KEY `tema_id` (`tema_id`);

--
-- Indexes for table `ep_odgovori`
--
ALTER TABLE `ep_odgovori`
  ADD PRIMARY KEY (`ID`),
  ADD KEY `pitanjeID` (`pitanjeID`),
  ADD KEY `korisnikID` (`korisnikID`);

--
-- Indexes for table `ep_pitanja_na_testu`
--
ALTER TABLE `ep_pitanja_na_testu`
  ADD PRIMARY KEY (`ID`),
  ADD KEY `testID` (`testID`),
  ADD KEY `pitanjeID` (`pitanjeID`),
  ADD KEY `odgovorID` (`odgovorID`);

--
-- Indexes for table `ep_pitanje`
--
ALTER TABLE `ep_pitanje`
  ADD PRIMARY KEY (`ID`),
  ADD KEY `korisnikID` (`korisnikID`),
  ADD KEY `fk_ep_teme` (`temaID`);

--
-- Indexes for table `ep_prava`
--
ALTER TABLE `ep_prava`
  ADD PRIMARY KEY (`ID`),
  ADD KEY `korisnikID` (`korisnikID`);

--
-- Indexes for table `ep_pravo`
--
ALTER TABLE `ep_pravo`
  ADD PRIMARY KEY (`ID`);

--
-- Indexes for table `ep_razred`
--
ALTER TABLE `ep_razred`
  ADD PRIMARY KEY (`id`);

--
-- Indexes for table `ep_razredi`
--
ALTER TABLE `ep_razredi`
  ADD PRIMARY KEY (`id`),
  ADD KEY `razred_id` (`razred_id`),
  ADD KEY `tema_id` (`tema_id`);

--
-- Indexes for table `ep_teme`
--
ALTER TABLE `ep_teme`
  ADD PRIMARY KEY (`ID`),
  ADD UNIQUE KEY `naziv` (`naziv`);

--
-- Indexes for table `ep_test`
--
ALTER TABLE `ep_test`
  ADD PRIMARY KEY (`ID`),
  ADD KEY `korisnikID` (`korisnikID`);

--
-- AUTO_INCREMENT for dumped tables
--

--
-- AUTO_INCREMENT for table `ep_korisnik`
--
ALTER TABLE `ep_korisnik`
  MODIFY `ID` int NOT NULL AUTO_INCREMENT, AUTO_INCREMENT=28;

--
-- AUTO_INCREMENT for table `ep_korisnik_teme`
--
ALTER TABLE `ep_korisnik_teme`
  MODIFY `id` int NOT NULL AUTO_INCREMENT, AUTO_INCREMENT=115;

--
-- AUTO_INCREMENT for table `ep_odgovori`
--
ALTER TABLE `ep_odgovori`
  MODIFY `ID` int NOT NULL AUTO_INCREMENT, AUTO_INCREMENT=235;

--
-- AUTO_INCREMENT for table `ep_pitanja_na_testu`
--
ALTER TABLE `ep_pitanja_na_testu`
  MODIFY `ID` int NOT NULL AUTO_INCREMENT, AUTO_INCREMENT=17;

--
-- AUTO_INCREMENT for table `ep_pitanje`
--
ALTER TABLE `ep_pitanje`
  MODIFY `ID` int NOT NULL AUTO_INCREMENT, AUTO_INCREMENT=60;

--
-- AUTO_INCREMENT for table `ep_prava`
--
ALTER TABLE `ep_prava`
  MODIFY `ID` int NOT NULL AUTO_INCREMENT, AUTO_INCREMENT=4;

--
-- AUTO_INCREMENT for table `ep_pravo`
--
ALTER TABLE `ep_pravo`
  MODIFY `ID` int NOT NULL AUTO_INCREMENT, AUTO_INCREMENT=4;

--
-- AUTO_INCREMENT for table `ep_razred`
--
ALTER TABLE `ep_razred`
  MODIFY `id` int NOT NULL AUTO_INCREMENT, AUTO_INCREMENT=13;

--
-- AUTO_INCREMENT for table `ep_razredi`
--
ALTER TABLE `ep_razredi`
  MODIFY `id` int NOT NULL AUTO_INCREMENT, AUTO_INCREMENT=27;

--
-- AUTO_INCREMENT for table `ep_teme`
--
ALTER TABLE `ep_teme`
  MODIFY `ID` int NOT NULL AUTO_INCREMENT, AUTO_INCREMENT=14;

--
-- AUTO_INCREMENT for table `ep_test`
--
ALTER TABLE `ep_test`
  MODIFY `ID` int NOT NULL AUTO_INCREMENT, AUTO_INCREMENT=259;

--
-- Constraints for dumped tables
--

--
-- Constraints for table `ep_korisnik`
--
ALTER TABLE `ep_korisnik`
  ADD CONSTRAINT `ep_korisnik_ibfk_1` FOREIGN KEY (`razinaID`) REFERENCES `ep_pravo` (`ID`) ON DELETE CASCADE,
  ADD CONSTRAINT `ep_korisnik_ibfk_2` FOREIGN KEY (`razred_id`) REFERENCES `ep_razred` (`id`);

--
-- Constraints for table `ep_korisnik_teme`
--
ALTER TABLE `ep_korisnik_teme`
  ADD CONSTRAINT `ep_korisnik_teme_ibfk_1` FOREIGN KEY (`korisnik_id`) REFERENCES `ep_korisnik` (`ID`) ON DELETE CASCADE,
  ADD CONSTRAINT `ep_korisnik_teme_ibfk_2` FOREIGN KEY (`tema_id`) REFERENCES `ep_teme` (`ID`) ON DELETE CASCADE;

--
-- Constraints for table `ep_odgovori`
--
ALTER TABLE `ep_odgovori`
  ADD CONSTRAINT `ep_odgovori_ibfk_1` FOREIGN KEY (`pitanjeID`) REFERENCES `ep_pitanje` (`ID`) ON DELETE CASCADE,
  ADD CONSTRAINT `ep_odgovori_ibfk_2` FOREIGN KEY (`korisnikID`) REFERENCES `ep_korisnik` (`ID`) ON DELETE CASCADE;

--
-- Constraints for table `ep_pitanja_na_testu`
--
ALTER TABLE `ep_pitanja_na_testu`
  ADD CONSTRAINT `ep_pitanja_na_testu_ibfk_1` FOREIGN KEY (`testID`) REFERENCES `ep_test` (`ID`) ON DELETE CASCADE,
  ADD CONSTRAINT `ep_pitanja_na_testu_ibfk_2` FOREIGN KEY (`pitanjeID`) REFERENCES `ep_pitanje` (`ID`) ON DELETE CASCADE,
  ADD CONSTRAINT `ep_pitanja_na_testu_ibfk_3` FOREIGN KEY (`odgovorID`) REFERENCES `ep_odgovori` (`ID`) ON DELETE CASCADE;

--
-- Constraints for table `ep_pitanje`
--
ALTER TABLE `ep_pitanje`
  ADD CONSTRAINT `ep_pitanje_ibfk_1` FOREIGN KEY (`korisnikID`) REFERENCES `ep_korisnik` (`ID`) ON DELETE CASCADE,
  ADD CONSTRAINT `fk_ep_teme` FOREIGN KEY (`temaID`) REFERENCES `ep_teme` (`ID`) ON DELETE CASCADE;

--
-- Constraints for table `ep_prava`
--
ALTER TABLE `ep_prava`
  ADD CONSTRAINT `ep_prava_ibfk_1` FOREIGN KEY (`korisnikID`) REFERENCES `ep_korisnik` (`ID`) ON DELETE CASCADE;

--
-- Constraints for table `ep_razredi`
--
ALTER TABLE `ep_razredi`
  ADD CONSTRAINT `ep_razredi_ibfk_1` FOREIGN KEY (`razred_id`) REFERENCES `ep_razred` (`id`),
  ADD CONSTRAINT `ep_razredi_ibfk_2` FOREIGN KEY (`tema_id`) REFERENCES `ep_teme` (`ID`);

--
-- Constraints for table `ep_test`
--
ALTER TABLE `ep_test`
  ADD CONSTRAINT `ep_test_ibfk_1` FOREIGN KEY (`korisnikID`) REFERENCES `ep_korisnik` (`ID`) ON DELETE CASCADE;
COMMIT;

/*!40101 SET CHARACTER_SET_CLIENT=@OLD_CHARACTER_SET_CLIENT */;
/*!40101 SET CHARACTER_SET_RESULTS=@OLD_CHARACTER_SET_RESULTS */;
/*!40101 SET COLLATION_CONNECTION=@OLD_COLLATION_CONNECTION */;